ID,Name,PhotoUrl
187309253,Shawn Mckinney,https://randomuser.me/api/portraits/men/49.jpg
702943403,Joshua Wood,https://randomuser.me/api/portraits/men/57.jpg
260423368,Terrence Cole,https://randomuser.me/api/portraits/men/6.jpg
548585047,Sylvia Barrett,https://randomuser.me/api/portraits/women/53.jpg
525050213,Tracey Rodriquez,https://randomuser.me/api/portraits/women/60.jpg
338284467,Scarlett Hunter,https://randomuser.me/api/portraits/women/24.jpg
837369280,Margie Hughes,https://randomuser.me/api/portraits/women/39.jpg
326365429,Franklin Vasquez,https://randomuser.me/api/portraits/men/20.jpg
861035256,Marilyn Fowler,https://randomuser.me/api/portraits/women/7.jpg
601367437,Allan Parker,https://randomuser.me/api/portraits/men/3.jpg
